{"count":1,"self":130.90348799999998,"total":824.76061069999992,"children":{"InitializeActuators":{"count":1,"self":0.0025117,"total":0.0025117,"children":null},"InitializeSensors":{"count":1,"self":0,"total":0,"children":null},"AgentSendState":{"count":991168,"self":0.5017108,"total":4.3103448,"children":{"CollectObservations":{"count":247792,"self":1.9935635999999999,"total":1.9935634999999998,"children":null},"WriteActionMask":{"count":247792,"self":0.0740217,"total":0.0740217,"children":null},"RequestDecision":{"count":247792,"self":0.3706084,"total":1.7410488,"children":{"AgentInfo.ToProto":{"count":247792,"self":0.3510503,"total":1.3704404,"children":{"GenerateSensorData":{"count":247792,"self":1.0193900999999999,"total":1.0193900999999999,"children":null}}}}}}},"DecideAction":{"count":991168,"self":683.363072,"total":683.36305029999994,"children":null},"AgentAct":{"count":991168,"self":6.1771936,"total":6.1771937999999995,"children":null},"AgentInfo.ToProto":{"count":588,"self":0.0015138999999999999,"total":0.0030188999999999997,"children":{"GenerateSensorData":{"count":588,"self":0.0015049999999999998,"total":0.0015049999999999998,"children":null}}}},"gauges":{"DodgerAgent.CumulativeReward":{"count":588,"max":211.84996,"min":8.626745,"runningAverage":34.7625465,"value":67.38244,"weightedAverage":36.3574066}},"metadata":{"timer_format_version":"0.1.0","start_time_seconds":"1765385321","unity_version":"6000.0.63f1","command_line_arguments":"C:\\Program Files\\Unity\\Hub\\Editor\\6000.0.63f1\\Editor\\Unity.exe -projectpath C:\\Users\\Lapla\\Documents\\unity\\AI_Seminar_ -acceptSoftwareTermsForThisRunOnly -useHub -hubIPC -cloudEnvironment production","communication_protocol_version":"1.5.0","com.unity.ml-agents_version":"4.0.0","scene_name":"Shooting_Main","end_time_seconds":"1765386146"}}